<code_scheme name="Project" version="173">
    <AndroidXmlCodeStyleSettings>
        <option name="USE_CUSTOM_SETTINGS" value="true" />
    </AndroidXmlCodeStyleSettings>
    <XML>
        <option name="XML_KEEP_LINE_BREAKS" value="false" />
        <option name="XML_ALIGN_ATTRIBUTES" value="false" />
        <option name="XML_SPACE_INSIDE_EMPTY_TAG" value="true" />
    </XML>
    <codeStyleSettings language="XML">
        <option name="FORCE_REARRANGE_MODE" value="1" />
        <indentOptions>
            <option name="CONTINUATION_INDENT_SIZE" value="4" />
        </indentOptions>
        <arrangement>
            <rules>
                <section>
                    <rule>
                        <match>
                            <AND>
                                <NAME>xmlns:android</NAME>
                                <XML_ATTRIBUTE />
                                <XML_NAMESPACE>^$</XML_NAMESPACE>
                            </AND>
                        </match>
                    </rule>
                </section>
                <section>
                    <rule>
                        <match>
                            <AND>
                                <NAME>xmlns:.*</NAME>
                                <XML_ATTRIBUTE />
                                <XML_NAMESPACE>^$</XML_NAMESPACE>
                            </AND>
                        </match>
                        <order>BY_NAME</order>
                    </rule>
                </section>
                <section>
                    <rule>
                        <match>
                            <AND>
                                <NAME>name</NAME>
                                <XML_ATTRIBUTE />
                                <XML_NAMESPACE>^$</XML_NAMESPACE>
                            </AND>
                        </match>
                    </rule>
                </section>
                <section>
                    <rule>
                        <match>
                            <AND>
                                <NAME>style</NAME>
                                <XML_ATTRIBUTE />
                                <XML_NAMESPACE>^$</XML_NAMESPACE>
                            </AND>
                        </match>
                    </rule>
                </section>
                <section>
                    <rule>
                        <match>
                            <AND>
                                <NAME>^.*$</NAME>
                                <XML_ATTRIBUTE />
                                <XML_NAMESPACE>^$</XML_NAMESPACE>
                            </AND>
                        </match>
                        <order>BY_NAME</order>
                    </rule>
                </section>
                <section>
                    <rule>
                        <match>
                            <AND>
                                <NAME>(?:(?!.*:id).)*</NAME>
                                <XML_ATTRIBUTE />
                                <XML_NAMESPACE>http://schemas.android.com/apk/res/android</XML_NAMESPACE>
                            </AND>
                        </match>
                        <order>BY_NAME</order>
                    </rule>
                </section>
                <section>
                    <rule>
                        <match>
                            <AND>
                                <NAME>(?:(?!.*:id).)*</NAME>
                                <XML_ATTRIBUTE />
                                <XML_NAMESPACE>http://schemas.android.com/apk/res-auto</XML_NAMESPACE>
                            </AND>
                        </match>
                        <order>BY_NAME</order>
                    </rule>
                </section>
                <section>
                    <rule>
                        <match>
                            <AND>
                                <NAME>(?:(?!.*:id).)*</NAME>
                                <XML_ATTRIBUTE />
                                <XML_NAMESPACE>http://schemas.android.com/tools</XML_NAMESPACE>
                            </AND>
                        </match>
                        <order>BY_NAME</order>
                    </rule>
                </section>
                <section>
                    <rule>
                        <match>
                            <AND>
                                <NAME>.*:id</NAME>
                                <XML_ATTRIBUTE />
                                <XML_NAMESPACE>http://schemas.android.com/apk/res/android</XML_NAMESPACE>
                            </AND>
                        </match>
                    </rule>
                </section>
            </rules>
        </arrangement>
    </codeStyleSettings>
</code_scheme>